Account name,Campaign,Campaign type,Day,Budget,Cost,Impr.,Clicks
Bioglan,_bgl_bb_uk_display_cpc_traffic_aug_2024_,Display,01/09/2024,20,12.4,"59,127",420
Bioglan,_bgl_bb_uk_search_cpc_traffic_aug_2024_,Search,01/09/2024,40,34.71,970,93
Bioglan,_bgl_bb_uk_video_cpm_traffic_aug_2024_,Video,01/09/2024,26.66,26.13,"9,427",20
Bioglan,_bgl_collagen_uk_display_cpc_traffic_aug_2024_,Display,01/09/2024,43.33,52.2,"220,856","1,576"
Bioglan,_bgl_collagen_uk_search_cpc_traffic_aug_2024_,Search,01/09/2024,50,49.15,"1,131",142
Bioglan,_bgl_collagen_uk_video_cpm_traffic_aug_2024_,Video,01/09/2024,40,39.05,"7,183",12
Sambucol,_sambucol_b2s_category_uk_search_cpc_traffic_aug_2024_,Search,01/09/2024,88,92.33,"1,055",126
Sambucol,_sambucol_b2s_category_uk_video_cpm_traffic_aug_2024_,Video,01/09/2024,88,89.25,"31,587",52
Skin Doctors - PCM,NEW: PCM- VA+CC - 2024-25,Display,01/09/2024,22,26.49,"5,053",588
Skin Doctors - PCM,PCM_Depilatories_24-25,Display,01/09/2024,30,36.91,"16,967","1,037"
Bioglan,_bgl_bb_uk_display_cpc_traffic_aug_2024_,Display,02/09/2024,20,23.75,"52,206",775
Bioglan,_bgl_bb_uk_search_cpc_traffic_aug_2024_,Search,02/09/2024,40,46.5,"1,078",118
Bioglan,_bgl_bb_uk_video_cpm_traffic_aug_2024_,Video,02/09/2024,26.66,27.35,"9,801",32
Bioglan,_bgl_collagen_uk_display_cpc_traffic_aug_2024_,Display,02/09/2024,43.33,52.24,"183,021","1,631"
Bioglan,_bgl_collagen_uk_search_cpc_traffic_aug_2024_,Search,02/09/2024,50,52.75,"1,346",156
Bioglan,_bgl_collagen_uk_video_cpm_traffic_aug_2024_,Video,02/09/2024,40,41.14,"7,141",12
Bioglan,_pcm_bgl_vg_sk_uk_display_cpc_traffic_sep_2024_,Display,02/09/2024,27.58,27,"8,293",286
Bioglan,_pcm_bgl_vg_sk_uk_search_cpc_traffic_sep_2024_,Search,02/09/2024,34.48,3.04,139,10
Sambucol,_sambucol_b2s_category_uk_search_cpc_traffic_aug_2024_,Search,02/09/2024,88,83.19,"1,038",122
Sambucol,_sambucol_b2s_category_uk_video_cpm_traffic_aug_2024_,Video,02/09/2024,88,92.89,"33,219",64
Skin Doctors - PCM,NEW: PCM- VA+CC - 2024-25,Display,02/09/2024,22,0.21,334,9
Skin Doctors - PCM,PCM_Depilatories_24-25,Display,02/09/2024,30,36.82,"17,939","1,097"
Superfoods,_pcm_superfoods_category_uk_search_cpc_traffic_sep_2024_,Search,02/09/2024,32.75,0.68,52,3
Superfoods,_pcm_superfoods_category_uk_video_cpm_traffic_sep_2024_,Video,02/09/2024,34,33.95,"10,953",14
Bioglan,_bgl_bb_uk_display_cpc_traffic_aug_2024_,Display,03/09/2024,20,25.44,"97,089",591
Bioglan,_bgl_bb_uk_search_cpc_traffic_aug_2024_,Search,03/09/2024,40,39.51,956,102
Bioglan,_bgl_bb_uk_video_cpm_traffic_aug_2024_,Video,03/09/2024,26.66,27.36,"10,050",16
Bioglan,_bgl_collagen_uk_display_cpc_traffic_aug_2024_,Display,03/09/2024,43.33,3.9,"16,807",121
Bioglan,_bgl_collagen_uk_search_cpc_traffic_aug_2024_,Search,03/09/2024,50,47.05,"1,317",136
Bioglan,_bgl_collagen_uk_video_cpm_traffic_aug_2024_,Video,03/09/2024,40,41.08,"7,198",13
Bioglan,_pcm_bgl_vg_sk_uk_display_cpc_traffic_sep_2024_,Display,03/09/2024,27.58,28.35,"20,692",337
Bioglan,_pcm_bgl_vg_sk_uk_search_cpc_traffic_sep_2024_,Search,03/09/2024,34.48,1.11,66,8
Sambucol,_sambucol_b2s_category_uk_search_cpc_traffic_aug_2024_,Search,03/09/2024,88,2.64,158,13
Sambucol,_sambucol_b2s_category_uk_video_cpm_traffic_aug_2024_,Video,03/09/2024,88,93.24,"32,512",68
Skin Doctors - PCM,NEW: PCM- VA+CC - 2024-25,Display,03/09/2024,22,0.05,81,2
Skin Doctors - PCM,PCM_Depilatories_24-25,Display,03/09/2024,30,1.33,"1,596",42
Superfoods,_pcm_superfoods_category_uk_video_cpm_traffic_sep_2024_,Video,03/09/2024,34,35.19,"10,867",12
Bioglan,_bgl_bb_uk_display_cpc_traffic_aug_2024_,Display,04/09/2024,20,4.82,"28,336",130
Bioglan,_bgl_bb_uk_search_cpc_traffic_aug_2024_,Search,04/09/2024,40,42.07,910,108
Bioglan,_bgl_bb_uk_video_cpm_traffic_aug_2024_,Video,04/09/2024,26.66,27.29,"7,262",11
Bioglan,_bgl_collagen_uk_display_cpc_traffic_aug_2024_,Display,04/09/2024,43.33,0.83,"2,208",28
Bioglan,_bgl_collagen_uk_search_cpc_traffic_aug_2024_,Search,04/09/2024,50,57.2,"1,420",151
Bioglan,_bgl_collagen_uk_video_cpm_traffic_aug_2024_,Video,04/09/2024,40,40.89,"6,947",12
Bioglan,_pcm_bgl_vg_sk_uk_display_cpc_traffic_sep_2024_,Display,04/09/2024,27.58,2.6,910,55
Bioglan,_pcm_bgl_vg_sk_uk_search_cpc_traffic_sep_2024_,Search,04/09/2024,34.48,68.95,"1,323",210
Sambucol,_sambucol_b2s_category_uk_search_cpc_traffic_aug_2024_,Search,04/09/2024,88,3.84,179,18
Sambucol,_sambucol_b2s_category_uk_video_cpm_traffic_aug_2024_,Video,04/09/2024,88,92.96,"30,536",50
Skin Doctors - PCM,NEW: PCM- VA+CC - 2024-25,Display,04/09/2024,22,0.07,284,2
Skin Doctors - PCM,PCM_Depilatories_24-25,Display,04/09/2024,30,0.07,181,2
Superfoods,_pcm_superfoods_category_uk_video_cpm_traffic_sep_2024_,Video,04/09/2024,34,7.09,"2,284",2
Bioglan,_bgl_bb_uk_display_cpc_traffic_aug_2024_,Display,05/09/2024,20,0,68,0
Bioglan,_bgl_bb_uk_search_cpc_traffic_aug_2024_,Search,05/09/2024,40,44.49,"1,118",113
Bioglan,_bgl_bb_uk_video_cpm_traffic_aug_2024_,Video,05/09/2024,26.66,26.6,"7,429",13
Bioglan,_bgl_collagen_uk_display_cpc_traffic_aug_2024_,Display,05/09/2024,43.33,2.58,"9,619",54
Bioglan,_bgl_collagen_uk_search_cpc_traffic_aug_2024_,Search,05/09/2024,50,52.99,"1,482",135
Bioglan,_bgl_collagen_uk_video_cpm_traffic_aug_2024_,Video,05/09/2024,40,39.83,"6,834",12
Bioglan,_pcm_bgl_vg_sk_uk_display_cpc_traffic_sep_2024_,Display,05/09/2024,27.58,0,1,0
Bioglan,_pcm_bgl_vg_sk_uk_search_cpc_traffic_sep_2024_,Search,05/09/2024,34.48,68.95,"1,404",196
Sambucol,_sambucol_b2s_category_uk_search_cpc_traffic_aug_2024_,Search,05/09/2024,88,177.72,"1,282",162
Sambucol,_sambucol_b2s_category_uk_video_cpm_traffic_aug_2024_,Video,05/09/2024,88,92.82,"31,885",39
Skin Doctors - PCM,NEW: PCM- VA+CC - 2024-25,Display,05/09/2024,22,0.83,"1,175",19
Skin Doctors - PCM,PCM_Depilatories_24-25,Display,05/09/2024,30,2.36,"1,336",49
Bioglan,_bgl_bb_uk_display_cpc_traffic_aug_2024_,Display,06/09/2024,20,40.11,"163,474",483
Bioglan,_bgl_bb_uk_search_cpc_traffic_aug_2024_,Search,06/09/2024,40,37.56,903,99
Bioglan,_bgl_bb_uk_video_cpm_traffic_aug_2024_,Video,06/09/2024,26.66,27.9,"8,936",17
Bioglan,_bgl_collagen_uk_display_cpc_traffic_aug_2024_,Display,06/09/2024,43.33,83.73,"385,899","1,151"
Bioglan,_bgl_collagen_uk_search_cpc_traffic_aug_2024_,Search,06/09/2024,50,47.71,"1,224",127
Bioglan,_bgl_collagen_uk_video_cpm_traffic_aug_2024_,Video,06/09/2024,40,42,"6,792",11
Bioglan,_pcm_bgl_vg_sk_uk_display_cpc_traffic_sep_2024_,Display,06/09/2024,27.58,0.07,89,1
Bioglan,_pcm_bgl_vg_sk_uk_search_cpc_traffic_sep_2024_,Search,06/09/2024,34.48,37.64,746,130
Sambucol,_sambucol_b2s_category_uk_search_cpc_traffic_aug_2024_,Search,06/09/2024,88,176,"1,320",179
Sambucol,_sambucol_b2s_category_uk_video_cpm_traffic_aug_2024_,Video,06/09/2024,88,93.08,"30,861",43
Skin Doctors - PCM,NEW: PCM- VA+CC - 2024-25,Display,06/09/2024,22,41.33,"43,876",577
Skin Doctors - PCM,PCM_Depilatories_24-25,Display,06/09/2024,30,59.44,"41,728",843
Bioglan,_bgl_bb_uk_display_cpc_traffic_aug_2024_,Display,07/09/2024,20,22.43,"74,387",387
Bioglan,_bgl_bb_uk_search_cpc_traffic_aug_2024_,Search,07/09/2024,40,38.34,991,103
Bioglan,_bgl_bb_uk_video_cpm_traffic_aug_2024_,Video,07/09/2024,26.66,27.99,"7,577",25
Bioglan,_bgl_collagen_uk_display_cpc_traffic_aug_2024_,Display,07/09/2024,43.33,48.09,"193,576",527
Bioglan,_bgl_collagen_uk_search_cpc_traffic_aug_2024_,Search,07/09/2024,50,50.61,"1,322",135
Bioglan,_bgl_collagen_uk_video_cpm_traffic_aug_2024_,Video,07/09/2024,40,41.9,"7,154",11
Bioglan,_pcm_bgl_vg_sk_uk_display_cpc_traffic_sep_2024_,Display,07/09/2024,27.58,54.9,"13,319",686
Bioglan,_pcm_bgl_vg_sk_uk_search_cpc_traffic_sep_2024_,Search,07/09/2024,34.48,43.13,967,147
Sambucol,_sambucol_b2s_category_uk_search_cpc_traffic_aug_2024_,Search,07/09/2024,88,109.17,986,132
Sambucol,_sambucol_b2s_category_uk_video_cpm_traffic_aug_2024_,Video,07/09/2024,88,92.71,"32,229",71
Skin Doctors - PCM,NEW: PCM- VA+CC - 2024-25,Display,07/09/2024,22,42.94,"34,155",477
Skin Doctors - PCM,PCM_Depilatories_24-25,Display,07/09/2024,30,59.33,"47,578",813
Bioglan,_bgl_bb_uk_display_cpc_traffic_aug_2024_,Display,08/09/2024,20,20.53,"65,949",377
Bioglan,_bgl_bb_uk_search_cpc_traffic_aug_2024_,Search,08/09/2024,40,41.22,"1,124",109
Bioglan,_bgl_bb_uk_video_cpm_traffic_aug_2024_,Video,08/09/2024,26.66,27.89,"9,790",16
Bioglan,_bgl_collagen_uk_display_cpc_traffic_aug_2024_,Display,08/09/2024,43.33,44.42,"180,708",643
Bioglan,_bgl_collagen_uk_search_cpc_traffic_aug_2024_,Search,08/09/2024,50,43.5,"1,438",120
Bioglan,_bgl_collagen_uk_video_cpm_traffic_aug_2024_,Video,08/09/2024,40,41.54,"7,125",19
Bioglan,_pcm_bgl_vg_sk_uk_display_cpc_traffic_sep_2024_,Display,08/09/2024,27.58,55.39,"17,719",786
Bioglan,_pcm_bgl_vg_sk_uk_search_cpc_traffic_sep_2024_,Search,08/09/2024,34.48,43.41,"1,141",148
Sambucol,_sambucol_b2s_category_uk_search_cpc_traffic_aug_2024_,Search,08/09/2024,88,115.72,"1,511",154
Sambucol,_sambucol_b2s_category_uk_video_cpm_traffic_aug_2024_,Video,08/09/2024,88,92.61,"34,869",62
Skin Doctors - PCM,NEW: PCM- VA+CC - 2024-25,Display,08/09/2024,22,44.12,"19,080",900
Skin Doctors - PCM,PCM_Depilatories_24-25,Display,08/09/2024,30,56.15,"47,109",855
Haliborange - PCM,_haliborange_halibaby_uk_display_cpc_traffic_sep_2024_,Display,02/09/2024,34,40.17,"6,282",53
Haliborange - PCM,_haliborange_one4me4U_uk_search_cpc_traffic_sep_2024_,Search,02/09/2024,44.8,0.67,10,2
Haliborange - PCM,_haliborange_one4me4U_uk_video_cpm_traffic_sep_2024_,Video,02/09/2024,86,85.98,"25,708",88
Haliborange - PCM,_haliborange_halibaby_uk_display_cpc_traffic_sep_2024_,Display,03/09/2024,34,36.76,"21,416",55
Haliborange - PCM,_haliborange_one4me4U_uk_search_cpc_traffic_sep_2024_,Search,03/09/2024,44.8,0.75,34,3
Haliborange - PCM,_haliborange_one4me4U_uk_video_cpm_traffic_sep_2024_,Video,03/09/2024,86,90.16,"31,284",104
Haliborange - PCM,_haliborange_halibaby_uk_display_cpc_traffic_sep_2024_,Display,04/09/2024,34,34.44,"11,515",75
Haliborange - PCM,_haliborange_one4me4U_uk_search_cpc_traffic_sep_2024_,Search,04/09/2024,44.8,89.53,741,50
Haliborange - PCM,_haliborange_one4me4U_uk_video_cpm_traffic_sep_2024_,Video,04/09/2024,86,89.15,"31,607",90
Haliborange - PCM,_haliborange_halibaby_uk_display_cpc_traffic_sep_2024_,Display,05/09/2024,34,15.95,"3,169",35
Haliborange - PCM,_haliborange_one4me4U_uk_search_cpc_traffic_sep_2024_,Search,05/09/2024,44.8,89.57,695,53
Haliborange - PCM,_haliborange_one4me4U_uk_video_cpm_traffic_sep_2024_,Video,05/09/2024,86,89.67,"32,279",102
Haliborange - PCM,_haliborange_halibaby_uk_display_cpc_traffic_sep_2024_,Display,06/09/2024,34,53.69,"2,704",76
Haliborange - PCM,_haliborange_one4me4U_uk_search_cpc_traffic_sep_2024_,Search,06/09/2024,44.8,52.04,640,49
Haliborange - PCM,_haliborange_one4me4U_uk_video_cpm_traffic_sep_2024_,Video,06/09/2024,86,90.04,"30,985",91
Haliborange - PCM,_haliborange_halibaby_uk_display_cpc_traffic_sep_2024_,Display,07/09/2024,34,31.33,"2,200",91
Haliborange - PCM,_haliborange_one4me4U_uk_search_cpc_traffic_sep_2024_,Search,07/09/2024,44.8,62.17,818,57
Haliborange - PCM,_haliborange_one4me4U_uk_video_cpm_traffic_sep_2024_,Video,07/09/2024,86,90,"31,109",91
Haliborange - PCM,_haliborange_halibaby_uk_display_cpc_traffic_sep_2024_,Display,08/09/2024,34,30.16,"2,887",85
Haliborange - PCM,_haliborange_one4me4U_uk_search_cpc_traffic_sep_2024_,Search,08/09/2024,44.8,53.32,817,58
Haliborange - PCM,_haliborange_one4me4U_uk_video_cpm_traffic_sep_2024_,Video,08/09/2024,86,89.21,"34,437",93
BEN Care PCM,PCM - Search - Lynwood Care Home - Brand - 35-54,Search,01/09/2024,10.9,19.69,114,16
BEN Care PCM,PCM - Search - Lynwood Care Home - Brand 55+,Search,01/09/2024,7.27,12.75,36,9
BEN Care PCM,PCM - Search - Lynwood Care Home - Category - 35-54,Search,01/09/2024,10.9,13.14,46,4
BEN Care PCM,PCM - Search - Lynwood Care Home - Category 55+,Search,01/09/2024,7.27,9.83,27,5
BEN Care PCM,PCM - Search - Town Thorns Care Home - Brand,Search,01/09/2024,8.21,13.12,75,7
BEN Care PCM,PCM - Search - Town Thorns Care Home - Category,Search,01/09/2024,12.32,17.88,73,7
New Theatre Royal (Trustees) Portsmouth,Brand Search,Search,01/09/2024,322.58,7.74,22,18
BEN Care PCM,PCM - Search - Lynwood Care Home - Brand - 35-54,Search,02/09/2024,10.9,9.73,87,9
BEN Care PCM,PCM - Search - Lynwood Care Home - Brand 55+,Search,02/09/2024,7.27,6.79,31,4
BEN Care PCM,PCM - Search - Lynwood Care Home - Category - 35-54,Search,02/09/2024,10.9,12.59,62,4
BEN Care PCM,PCM - Search - Lynwood Care Home - Category 55+,Search,02/09/2024,7.27,7.69,12,2
BEN Care PCM,PCM - Search - Town Thorns Care Home - Brand,Search,02/09/2024,8.21,8.04,33,4
BEN Care PCM,PCM - Search - Town Thorns Care Home - Category,Search,02/09/2024,12.32,15.83,59,7
New Theatre Royal (Trustees) Portsmouth,Brand Search,Search,02/09/2024,322.58,30.22,47,33
BEN Care PCM,PCM - Search - Lynwood Care Home - Brand - 35-54,Search,03/09/2024,10.9,10.22,49,5
BEN Care PCM,PCM - Search - Lynwood Care Home - Brand 55+,Search,03/09/2024,7.27,0,29,0
BEN Care PCM,PCM - Search - Lynwood Care Home - Category - 35-54,Search,03/09/2024,10.9,8.04,93,6
BEN Care PCM,PCM - Search - Lynwood Care Home - Category 55+,Search,03/09/2024,7.27,0,12,0
BEN Care PCM,PCM - Search - Town Thorns Care Home - Brand,Search,03/09/2024,8.21,8.1,8,4
BEN Care PCM,PCM - Search - Town Thorns Care Home - Category,Search,03/09/2024,12.32,13.93,74,10
New Theatre Royal (Trustees) Portsmouth,Brand Search,Search,03/09/2024,322.58,24.39,38,23
BEN Care PCM,PCM - Search - Lynwood Care Home - Brand - 35-54,Search,04/09/2024,10.9,7.73,126,4
BEN Care PCM,PCM - Search - Lynwood Care Home - Brand 55+,Search,04/09/2024,7.27,11.44,113,4
BEN Care PCM,PCM - Search - Lynwood Care Home - Category - 35-54,Search,04/09/2024,10.9,8.21,58,4
BEN Care PCM,PCM - Search - Lynwood Care Home - Category 55+,Search,04/09/2024,7.27,12.81,54,5
BEN Care PCM,PCM - Search - Town Thorns Care Home - Brand,Search,04/09/2024,8.21,5.54,31,10
BEN Care PCM,PCM - Search - Town Thorns Care Home - Category,Search,04/09/2024,12.32,16.08,116,6
New Theatre Royal (Trustees) Portsmouth,Brand Search,Search,04/09/2024,322.58,15.58,40,23
BEN Care PCM,PCM - Search - Lynwood Care Home - Brand - 35-54,Search,05/09/2024,10.9,16.86,148,9
BEN Care PCM,PCM - Search - Lynwood Care Home - Brand 55+,Search,05/09/2024,7.27,10.87,15,3
BEN Care PCM,PCM - Search - Lynwood Care Home - Category - 35-54,Search,05/09/2024,10.9,17.46,173,7
BEN Care PCM,PCM - Search - Lynwood Care Home - Category 55+,Search,05/09/2024,7.27,9.66,76,5
BEN Care PCM,PCM - Search - Town Thorns Care Home - Brand,Search,05/09/2024,8.21,0,23,0
BEN Care PCM,PCM - Search - Town Thorns Care Home - Category,Search,05/09/2024,12.32,10.47,123,5
New Theatre Royal (Trustees) Portsmouth,Brand Search,Search,05/09/2024,322.58,18.42,34,21
BEN Care PCM,PCM - Search - Lynwood Care Home - Brand - 35-54,Search,06/09/2024,10.9,9.56,51,7
BEN Care PCM,PCM - Search - Lynwood Care Home - Brand 55+,Search,06/09/2024,7.27,9.02,76,5
BEN Care PCM,PCM - Search - Lynwood Care Home - Category - 35-54,Search,06/09/2024,10.9,10.78,117,4
BEN Care PCM,PCM - Search - Lynwood Care Home - Category 55+,Search,06/09/2024,7.27,8.4,7,2
BEN Care PCM,PCM - Search - Town Thorns Care Home - Brand,Search,06/09/2024,8.21,21.74,46,6
BEN Care PCM,PCM - Search - Town Thorns Care Home - Category,Search,06/09/2024,12.32,12.46,85,6
New Theatre Royal (Trustees) Portsmouth,Brand Search,Search,06/09/2024,322.58,15.89,33,19
BEN Care PCM,PCM - Search - Lynwood Care Home - Brand - 35-54,Search,07/09/2024,10.9,10.52,61,7
BEN Care PCM,PCM - Search - Lynwood Care Home - Brand 55+,Search,07/09/2024,7.27,11.71,6,4
BEN Care PCM,PCM - Search - Lynwood Care Home - Category - 35-54,Search,07/09/2024,10.9,17.93,32,3
BEN Care PCM,PCM - Search - Lynwood Care Home - Category 55+,Search,07/09/2024,7.27,5.96,26,3
BEN Care PCM,PCM - Search - Town Thorns Care Home - Brand,Search,07/09/2024,8.21,6.3,76,5
BEN Care PCM,PCM - Search - Town Thorns Care Home - Category,Search,07/09/2024,12.32,6.81,98,2
New Theatre Royal (Trustees) Portsmouth,Brand Search,Search,07/09/2024,322.58,15.71,35,27
BEN Care PCM,PCM - Search - Lynwood Care Home - Brand - 35-54,Search,08/09/2024,10.9,1.65,47,2
BEN Care PCM,PCM - Search - Lynwood Care Home - Brand 55+,Search,08/09/2024,7.27,1.35,24,1
BEN Care PCM,PCM - Search - Lynwood Care Home - Category - 35-54,Search,08/09/2024,10.9,4.66,43,3
BEN Care PCM,PCM - Search - Lynwood Care Home - Category 55+,Search,08/09/2024,7.27,0,20,0
BEN Care PCM,PCM - Search - Town Thorns Care Home - Brand,Search,08/09/2024,8.21,11.51,42,4
BEN Care PCM,PCM - Search - Town Thorns Care Home - Category,Search,08/09/2024,12.32,10.46,48,6
New Theatre Royal (Trustees) Portsmouth,Brand Search,Search,08/09/2024,322.58,17.28,31,22
New Theatre Royal (Trustees) Portsmouth,The Very Hungry Caterpillar 2024,Search,08/09/2024,300,0,1,0
Lynwood,PCM - Search - Lynwood Rentals - Brand,Search,01/09/2024,22.63,1.39,11,4
Lynwood,PCM - Search - Lynwood Rentals - Brand,Search,02/09/2024,22.63,0.54,13,3
BSSAA Limited,PCM - Search - General Brand,Search,01/09/2024,36,19.6,222,32
BSSAA Limited,PCM - Search - General Product,Search,01/09/2024,10,3.27,36,8
BSSAA Limited,PCM - Search - Oral Solutions,Search,01/09/2024,14,16.42,126,18
BSSAA Limited,PCM_BSSAA_Display_Consideration,Display,01/09/2024,15.3,14.25,"16,062",64
BSSAA Limited,PCM - Search - General Brand,Search,02/09/2024,36,32.78,264,54
BSSAA Limited,PCM - Search - General Product,Search,02/09/2024,10,0.64,53,3
BSSAA Limited,PCM - Search - Oral Solutions,Search,02/09/2024,14,10.35,146,16
BSSAA Limited,PCM_BSSAA_Display_Consideration,Display,02/09/2024,15.3,14.5,"17,811",61
BSSAA Limited,PCM - Search - General Brand,Search,03/09/2024,36,24.21,320,35
BSSAA Limited,PCM - Search - General Product,Search,03/09/2024,10,1.49,56,5
BSSAA Limited,PCM - Search - Oral Solutions,Search,03/09/2024,14,15.94,194,24
BSSAA Limited,PCM_BSSAA_Display_Consideration,Display,03/09/2024,15.3,19.11,"18,622",67
BSSAA Limited,PCM - Search - General Brand,Search,04/09/2024,36,25.54,318,37
BSSAA Limited,PCM - Search - General Product,Search,04/09/2024,10,4.27,61,8
BSSAA Limited,PCM - Search - Oral Solutions,Search,04/09/2024,14,14.81,164,19
BSSAA Limited,PCM_BSSAA_Display_Consideration,Display,04/09/2024,15.3,16.92,"23,037",47
BSSAA Limited,PCM - Search - General Brand,Search,05/09/2024,36,21.03,280,38
BSSAA Limited,PCM - Search - General Product,Search,05/09/2024,10,2.66,63,6
BSSAA Limited,PCM - Search - Oral Solutions,Search,05/09/2024,14,17.41,142,22
BSSAA Limited,PCM_BSSAA_Display_Consideration,Display,05/09/2024,15.3,17.89,"11,779",38
BSSAA Limited,PCM - Search - General Brand,Search,06/09/2024,36,18.51,214,38
BSSAA Limited,PCM - Search - General Product,Search,06/09/2024,10,0,32,0
BSSAA Limited,PCM - Search - Oral Solutions,Search,06/09/2024,14,13.97,121,18
BSSAA Limited,PCM_BSSAA_Display_Consideration,Display,06/09/2024,15.3,15.52,"4,726",41
BSSAA Limited,Demand Gen - 2024-09-05,Demand Gen,07/09/2024,38.08,0,4,0
BSSAA Limited,PCM - Search - General Brand,Search,07/09/2024,36,14.55,244,30
BSSAA Limited,PCM - Search - General Product,Search,07/09/2024,10,2.17,49,6
BSSAA Limited,PCM - Search - Oral Solutions,Search,07/09/2024,14,10.89,104,12
BSSAA Limited,PCM_BSSAA_Display_Consideration,Display,07/09/2024,15.3,15.06,"8,475",35
BSSAA Limited,Demand Gen - 2024-09-05,Demand Gen,08/09/2024,38.08,12.76,935,3
BSSAA Limited,PCM - Search - General Brand,Search,08/09/2024,36,24.69,279,35
BSSAA Limited,PCM - Search - General Product,Search,08/09/2024,10,4.6,61,5
BSSAA Limited,PCM - Search - Oral Solutions,Search,08/09/2024,14,18.31,112,22
BSSAA Limited,PCM_BSSAA_Display_Consideration,Display,08/09/2024,15.3,16.85,"11,909",31
Cherry Godfrey Group,[D] GSY - PLoans,Display,01/09/2024,5,5.51,"41,486",74
Cherry Godfrey Group,[D] IOM - PLoans,Display,01/09/2024,5,5.27,"34,859",112
Cherry Godfrey Group,[D] IOW - PLoans,Display,01/09/2024,5,5.3,"11,452",50
Cherry Godfrey Group,[D] Jsy - PLoans,Display,01/09/2024,5,5.28,"29,599",105
Cherry Godfrey Group,[S] IOM - PLoans,Search,01/09/2024,5,4.58,51,10
Cherry Godfrey Group,[S] Jsy - PLoans,Search,01/09/2024,5,4.61,91,5
Cherry Godfrey Group,Guernsey HInsurance 2022,Display,01/09/2024,2,5.02,"9,776",69
Cherry Godfrey Group,Guernsey LInsurance 2022,Display,01/09/2024,2,5.33,"29,858",102
Cherry Godfrey Group,IOM LInsurance 2022,Display,01/09/2024,2,5.29,"35,157",158
Cherry Godfrey Group,IOW House Insurance,Display,01/09/2024,2,5.28,"31,714",54
Cherry Godfrey Group,IOW Life Insurance,Display,01/09/2024,2,5.08,"23,335",73
Cherry Godfrey Group,IOW Mortgages,Display,01/09/2024,2,5.24,"32,539",65
Cherry Godfrey Group,Jersey LInsurance 2022,Display,01/09/2024,2,5.16,"32,044",154
Cherry Godfrey Group,Mortgages Guernsey 2022,Display,01/09/2024,2,5.29,"36,501",98
Cherry Godfrey Group,Mortgages Isle of Man 2022,Display,01/09/2024,2,5.27,"27,624",204
Cherry Godfrey Group,Mortgages Jersey 2022,Display,01/09/2024,5,5.35,"21,789",114
Promensil,PCM - Search - Promensil - Consideration - 24-25,Search,01/09/2024,16,17.6,657,56
Cherry Godfrey Group,[D] GSY - PLoans,Display,02/09/2024,5,4.4,"30,063",68
Cherry Godfrey Group,[D] IOM - PLoans,Display,02/09/2024,5,5.38,"26,440",135
Cherry Godfrey Group,[D] IOW - PLoans,Display,02/09/2024,5,6.01,"21,222",56
Cherry Godfrey Group,[D] Jsy - PLoans,Display,02/09/2024,5,5.14,"36,578",116
Cherry Godfrey Group,[S] IOM - PLoans,Search,02/09/2024,5,7.45,111,14
Cherry Godfrey Group,[S] Jsy - PLoans,Search,02/09/2024,5,6.75,64,9
Cherry Godfrey Group,Guernsey HInsurance 2022,Display,02/09/2024,2,5.51,"17,795",85
Cherry Godfrey Group,Guernsey LInsurance 2022,Display,02/09/2024,2,5.64,"30,403",130
Cherry Godfrey Group,IOM LInsurance 2022,Display,02/09/2024,2,5.39,"34,800",182
Cherry Godfrey Group,IOW House Insurance,Display,02/09/2024,2,5.23,"28,634",73
Cherry Godfrey Group,IOW Life Insurance,Display,02/09/2024,2,5.38,"41,644",73
Cherry Godfrey Group,IOW Mortgages,Display,02/09/2024,2,5.54,"24,238",72
Cherry Godfrey Group,Jersey LInsurance 2022,Display,02/09/2024,2,5.49,"33,606",153
Cherry Godfrey Group,Mortgages Guernsey 2022,Display,02/09/2024,2,5.33,"36,804",112
Cherry Godfrey Group,Mortgages Isle of Man 2022,Display,02/09/2024,2,4.88,"25,162",186
Cherry Godfrey Group,Mortgages Jersey 2022,Display,02/09/2024,5,5.31,"21,275",175
Promensil,PCM - Search - Promensil - Consideration - 24-25,Search,02/09/2024,16,17.96,737,60
Cherry Godfrey Group,[D] GSY - PLoans,Display,03/09/2024,5,6.15,"42,488",63
Cherry Godfrey Group,[D] IOM - PLoans,Display,03/09/2024,5,4.61,"26,677",122
Cherry Godfrey Group,[D] IOW - PLoans,Display,03/09/2024,5,5.73,"33,101",60
Cherry Godfrey Group,[D] Jsy - PLoans,Display,03/09/2024,5,5.19,"27,615",105
Cherry Godfrey Group,[S] IOM - PLoans,Search,03/09/2024,5,6.29,98,14
Cherry Godfrey Group,[S] Jsy - PLoans,Search,03/09/2024,5,7.16,59,10
Cherry Godfrey Group,Guernsey HInsurance 2022,Display,03/09/2024,2,4.94,"15,772",90
Cherry Godfrey Group,Guernsey LInsurance 2022,Display,03/09/2024,2,5.42,"27,267",108
Cherry Godfrey Group,IOM LInsurance 2022,Display,03/09/2024,2,3.42,"25,506",116
Cherry Godfrey Group,IOW House Insurance,Display,03/09/2024,2,5.17,"27,322",61
Cherry Godfrey Group,IOW Life Insurance,Display,03/09/2024,2,2.96,"28,340",38
Cherry Godfrey Group,IOW Mortgages,Display,03/09/2024,2,2.7,"5,177",34
Cherry Godfrey Group,Jersey LInsurance 2022,Display,03/09/2024,2,5.31,"29,025",111
Cherry Godfrey Group,Mortgages Guernsey 2022,Display,03/09/2024,2,5.26,"29,684",94
Cherry Godfrey Group,Mortgages Isle of Man 2022,Display,03/09/2024,2,5.25,"24,039",194
Cherry Godfrey Group,Mortgages Jersey 2022,Display,03/09/2024,5,5.29,"28,973",133
Promensil,PCM - Search - Promensil - Consideration - 24-25,Search,03/09/2024,16,17.81,759,60
Cherry Godfrey Group,[D] GSY - PLoans,Display,04/09/2024,5,4.87,"38,489",55
Cherry Godfrey Group,[D] IOM - PLoans,Display,04/09/2024,5,6.02,"44,426",105
Cherry Godfrey Group,[D] IOW - PLoans,Display,04/09/2024,5,5.3,"18,366",64
Cherry Godfrey Group,[D] Jsy - PLoans,Display,04/09/2024,5,5.28,"36,249",102
Cherry Godfrey Group,[S] IOM - PLoans,Search,04/09/2024,5,6.21,70,13
Cherry Godfrey Group,[S] Jsy - PLoans,Search,04/09/2024,5,3.92,87,6
Cherry Godfrey Group,Guernsey HInsurance 2022,Display,04/09/2024,2,5.61,"7,820",77
Cherry Godfrey Group,Guernsey LInsurance 2022,Display,04/09/2024,2,4.97,"16,287",117
Cherry Godfrey Group,IOM LInsurance 2022,Display,04/09/2024,2,6.94,"37,189",125
Cherry Godfrey Group,IOW House Insurance,Display,04/09/2024,2,5.68,"37,653",67
Cherry Godfrey Group,IOW Life Insurance,Display,04/09/2024,2,7.75,"30,400",64
Cherry Godfrey Group,IOW Mortgages,Display,04/09/2024,2,7.63,"35,706",48
Cherry Godfrey Group,Jersey LInsurance 2022,Display,04/09/2024,2,4.65,"27,163",137
Cherry Godfrey Group,Mortgages Guernsey 2022,Display,04/09/2024,2,5.48,"23,361",121
Cherry Godfrey Group,Mortgages Isle of Man 2022,Display,04/09/2024,2,5.24,"18,186",191
Cherry Godfrey Group,Mortgages Jersey 2022,Display,04/09/2024,5,5.05,"21,435",135
Promensil,PCM - Search - Promensil - Consideration - 24-25,Search,04/09/2024,16,17.89,561,59
Cherry Godfrey Group,[D] GSY - PLoans,Display,05/09/2024,5,5.2,"36,358",53
Cherry Godfrey Group,[D] IOM - PLoans,Display,05/09/2024,5,5.01,"30,205",101
Cherry Godfrey Group,[D] IOW - PLoans,Display,05/09/2024,5,4,"11,940",51
Cherry Godfrey Group,[D] Jsy - PLoans,Display,05/09/2024,5,5.59,"41,657",74
Cherry Godfrey Group,[S] IOM - PLoans,Search,05/09/2024,5,2.58,90,5
Cherry Godfrey Group,[S] Jsy - PLoans,Search,05/09/2024,5,4.33,81,10
Cherry Godfrey Group,Guernsey HInsurance 2022,Display,05/09/2024,2,5.21,"11,720",77
Cherry Godfrey Group,Guernsey LInsurance 2022,Display,05/09/2024,2,5.11,"26,525",82
Cherry Godfrey Group,IOM LInsurance 2022,Display,05/09/2024,2,5.34,"27,188",131
Cherry Godfrey Group,IOW House Insurance,Display,05/09/2024,2,3.74,"25,499",53
Cherry Godfrey Group,IOW Life Insurance,Display,05/09/2024,2,5.75,"28,610",43
Cherry Godfrey Group,IOW Mortgages,Display,05/09/2024,2,5.76,"25,819",57
Cherry Godfrey Group,Jersey LInsurance 2022,Display,05/09/2024,2,5.81,"24,062",144
Cherry Godfrey Group,Mortgages Guernsey 2022,Display,05/09/2024,2,4.35,"21,927",100
Cherry Godfrey Group,Mortgages Isle of Man 2022,Display,05/09/2024,2,5.07,"15,212",199
Cherry Godfrey Group,Mortgages Jersey 2022,Display,05/09/2024,5,5.43,"21,056",126
Promensil,PCM - Search - Promensil - Consideration - 24-25,Search,05/09/2024,16,18.01,659,59
Cherry Godfrey Group,[D] GSY - PLoans,Display,06/09/2024,5,5.08,"26,527",50
Cherry Godfrey Group,[D] IOM - PLoans,Display,06/09/2024,5,4.96,"32,094",108
Cherry Godfrey Group,[D] IOW - PLoans,Display,06/09/2024,5,5.02,"19,327",45
Cherry Godfrey Group,[D] Jsy - PLoans,Display,06/09/2024,5,5.23,"26,721",88
Cherry Godfrey Group,[S] IOM - PLoans,Search,06/09/2024,5,2.39,79,7
Cherry Godfrey Group,[S] Jsy - PLoans,Search,06/09/2024,5,1.79,57,3
Cherry Godfrey Group,Guernsey HInsurance 2022,Display,06/09/2024,2,2.11,"4,677",31
Cherry Godfrey Group,Guernsey LInsurance 2022,Display,06/09/2024,2,2.05,"7,444",37
Cherry Godfrey Group,IOM LInsurance 2022,Display,06/09/2024,2,1.97,"12,859",65
Cherry Godfrey Group,IOW House Insurance,Display,06/09/2024,2,6.01,"26,320",49
Cherry Godfrey Group,IOW Life Insurance,Display,06/09/2024,2,3.77,"11,596",39
Cherry Godfrey Group,IOW Mortgages,Display,06/09/2024,2,2.11,"9,992",20
Cherry Godfrey Group,Jersey LInsurance 2022,Display,06/09/2024,2,2.05,"8,482",43
Cherry Godfrey Group,Mortgages Guernsey 2022,Display,06/09/2024,2,5.75,"18,340",80
Cherry Godfrey Group,Mortgages Isle of Man 2022,Display,06/09/2024,2,2.17,"7,879",76
Cherry Godfrey Group,Mortgages Jersey 2022,Display,06/09/2024,5,5.11,"19,723",139
Promensil,PCM - Search - Promensil - Consideration - 24-25,Search,06/09/2024,16,15.68,656,51
Cherry Godfrey Group,[D] GSY - PLoans,Display,07/09/2024,5,5.09,"28,559",62
Cherry Godfrey Group,[D] IOM - PLoans,Display,07/09/2024,5,5.14,"26,131",119
Cherry Godfrey Group,[D] IOW - PLoans,Display,07/09/2024,5,5.36,"30,121",72
Cherry Godfrey Group,[D] Jsy - PLoans,Display,07/09/2024,5,5.14,"35,686",91
Cherry Godfrey Group,[S] IOM - PLoans,Search,07/09/2024,5,3.56,66,7
Cherry Godfrey Group,[S] Jsy - PLoans,Search,07/09/2024,5,6.3,69,8
Cherry Godfrey Group,Guernsey HInsurance 2022,Display,07/09/2024,2,2.1,"7,221",42
Cherry Godfrey Group,Guernsey LInsurance 2022,Display,07/09/2024,2,1.27,"5,230",50
Cherry Godfrey Group,IOM LInsurance 2022,Display,07/09/2024,2,2.18,"12,414",89
Cherry Godfrey Group,IOW House Insurance,Display,07/09/2024,2,2.17,"13,243",11
Cherry Godfrey Group,IOW Life Insurance,Display,07/09/2024,2,2.38,"12,989",26
Cherry Godfrey Group,IOW Mortgages,Display,07/09/2024,2,2.06,"9,221",26
Cherry Godfrey Group,Jersey LInsurance 2022,Display,07/09/2024,2,2.16,"12,765",75
Cherry Godfrey Group,Mortgages Guernsey 2022,Display,07/09/2024,2,2.14,"11,652",43
Cherry Godfrey Group,Mortgages Isle of Man 2022,Display,07/09/2024,2,2.21,"8,374",79
Cherry Godfrey Group,Mortgages Jersey 2022,Display,07/09/2024,5,4.55,"17,639",161
Promensil,PCM - Search - Promensil - Consideration - 24-25,Search,07/09/2024,16,16.33,608,55
Cherry Godfrey Group,[D] GSY - PLoans,Display,08/09/2024,5,5.46,"37,094",69
Cherry Godfrey Group,[D] IOM - PLoans,Display,08/09/2024,5,5.47,"26,795",135
Cherry Godfrey Group,[D] IOW - PLoans,Display,08/09/2024,5,5.29,"19,590",64
Cherry Godfrey Group,[D] Jsy - PLoans,Display,08/09/2024,5,5.46,"30,409",110
Cherry Godfrey Group,[S] IOM - PLoans,Search,08/09/2024,5,6.86,76,12
Cherry Godfrey Group,[S] Jsy - PLoans,Search,08/09/2024,5,8.2,45,7
Cherry Godfrey Group,Guernsey HInsurance 2022,Display,08/09/2024,2,2.09,"9,838",40
Cherry Godfrey Group,Guernsey LInsurance 2022,Display,08/09/2024,2,3.02,"15,616",53
Cherry Godfrey Group,IOM LInsurance 2022,Display,08/09/2024,2,2.17,"16,939",83
Cherry Godfrey Group,IOW House Insurance,Display,08/09/2024,2,2.05,"13,119",23
Cherry Godfrey Group,IOW Life Insurance,Display,08/09/2024,2,2.14,"15,600",30
Cherry Godfrey Group,IOW Mortgages,Display,08/09/2024,2,2.23,"12,611",23
Cherry Godfrey Group,Jersey LInsurance 2022,Display,08/09/2024,2,2.09,"11,037",66
Cherry Godfrey Group,Mortgages Guernsey 2022,Display,08/09/2024,2,2.05,"8,231",73
Cherry Godfrey Group,Mortgages Isle of Man 2022,Display,08/09/2024,2,2.27,"13,343",99
Cherry Godfrey Group,Mortgages Jersey 2022,Display,08/09/2024,5,6,"30,610",168
Promensil,PCM - Search - Promensil - Consideration - 24-25,Search,08/09/2024,16,14.02,690,48
